,foliointerno,_id,Usuario.razonSocial,Productos.idLocal,Productos.unidades,Productos.cantidad,Productos.importe,Especificaciones.estructura,Especificaciones.tipo,Especificaciones.calibreECT,Especificaciones.caraExterior,Especificaciones.largo,Especificaciones.ancho,Especificaciones.alto,Especificaciones.tipoUnion,Especificaciones.suaje,Productos.precioUnitario,precios.precioGeneralm2,fechaEmision,Especificaciones.longitudLamina,Especificaciones.anchoLamina,areaM2,precioListaMillares,areaM2total
0,24156,5fc3da6c62f23e3d63860a22,Cliente loqay,CJ246,millares,2.0,21200.0,caja regular,"[5.5, 1.5]",32,kraft,32.3,24.5,30.3,CIG,0,10600.0,14.12,2020-09-11,1.1909999999999998,0.563,0.6705329999999998,9467.925959999997,1341.0659999999996
1,24157,5fc3db5f62f23e3d63860a24,Cliente loqay,CJ245,millares,2.5,8840.0,caja regular,"[5.5, 1.5]",29,kraft,19.6,15.0,17.5,CIP,0,3536.0,13.25,2020-09-11,0.747,0.34,0.25398000000000004,3365.2350000000006,634.9500000000002
2,24374,5fc3de2962f23e3d63860a26,Cliente loqay,CJ247,millares,2.0,27664.0,caja en dos piezas,"[7, 2.7]",32,kraft,44.3,32.0,14.5,CIP,0,13832.0,18.3,2020-11-06,1.5959999999999999,0.49200000000000005,0.785232,14369.745600000002,1570.4640000000002
3,24375,5fc3dfbc62f23e3d63860a27,Cliente loqay,CJ65,millares,3.0,8268.0,caja regular,"[5.5, 1.5]",29,kraft,20.0,10.4,18.5,CIP,0,2756.0,13.25,2020-11-06,0.6629999999999999,0.304,0.20155199999999998,2670.564,604.656
4,24377,5fc3e09a62f23e3d63860a28,Cliente loqay,CJ67,millares,2.0,8382.0,caja regular,"[7, 2.7]",29,kraft,26.3,17.8,13.2,CIP,0,4191.0,13.25,2020-11-06,0.9520000000000001,0.337,0.32082400000000005,4250.918000000001,641.6480000000001
5,24376,5fc3e1b362f23e3d63860a29,Cliente loqay,CJ90,millares,2.0,5512.0,caja regular,"[5.5, 1.5]",29,kraft,20.0,10.4,18.5,CIP,0,2756.0,13.25,2020-11-06,0.6629999999999999,0.304,0.20155199999999998,2670.564,403.104
6,24378,5fc3e22e62f23e3d63860a2a,Cliente loqay,CJ67,millares,4.0,16764.0,caja regular,"[7, 2.7]",29,kraft,26.3,17.8,13.2,CIP,0,4191.0,13.25,2020-11-06,0.9520000000000001,0.337,0.32082400000000005,4250.918000000001,1283.2960000000003
7,24379,5fc3e2fc62f23e3d63860a2b,Cliente loqay,CJ186,millares,3.0,9267.0,caja regular,"[5.5, 1.5]",29,kraft,19.0,12.7,18.6,CIP,0,3089.0,13.25,2020-11-06,0.6890000000000001,0.32799999999999996,0.225992,2994.394,677.976
8,24381,5fc3e39162f23e3d63860a2c,Cliente loqay,CJ42,millares,2.0,12356.0,caja regular,"[5.5, 1.5]",29,kraft,25.2,23.5,19.0,CIP,0,6178.0,13.25,2020-11-06,1.0290000000000001,0.44,0.45276000000000005,5999.070000000001,905.5200000000001
9,24382,5fc3e48062f23e3d63860a2d,Cliente loqay,CJ248,millares,2.0,14332.0,caja regular,"[7, 2.7]",32,kraft,26.0,19.5,20.0,CIG,0,7166.0,14.12,2020-11-06,0.98,0.42200000000000004,0.41356000000000004,5839.467200000001,827.1200000000001
10,ivZt29,5fc42b3918ac7fa60bdd3840,Cliente Zitacuaro,normal fondo,millares,4.0,65800.0,charola,"[0, 0]",32,kraft,103.5,33.8,20.2,,0,16450.0,14.12,2020-03-12,2.7460000000000004,0.54,1.4828400000000004,20937.700800000006,5931.3600000000015
11,ivZt29,5fc42b3918ac7fa60bdd3840,Cliente Zitacuaro,normal tapa,millares,4.0,78800.0,charola,"[0, 0]",32,kraft,104.5,34.8,20.2,,0,19700.0,14.12,2020-03-12,2.786,0.55,1.5323000000000002,21636.076,6129.200000000001
12,ivZt22,5fc42b3918ac7fa60bdd3841,Cliente Zitacuaro,normal fondo,millares,4.0,65800.0,charola,"[0, 0]",32,kraft,103.5,33.8,20.2,,0,16450.0,14.12,2019-09-14,2.7460000000000004,0.54,1.4828400000000004,20937.700800000006,5931.3600000000015
13,ivZt22,5fc42b3918ac7fa60bdd3841,Cliente Zitacuaro,normal tapa,millares,4.0,78800.0,charola,"[0, 0]",32,kraft,104.5,34.8,20.2,,0,19700.0,14.12,2019-09-14,2.786,0.55,1.5323000000000002,21636.076,6129.200000000001
14,ivZt15,5fc42b3a18ac7fa60bdd3842,Cliente Zitacuaro,normal fondo,millares,4.0,65800.0,charola,"[0, 0]",32,kraft,103.5,33.8,20.2,,0,16450.0,14.12,2019-03-18,2.7460000000000004,0.54,1.4828400000000004,20937.700800000006,5931.3600000000015
15,ivZt15,5fc42b3a18ac7fa60bdd3842,Cliente Zitacuaro,normal tapa,millares,4.0,78800.0,charola,"[0, 0]",32,kraft,104.5,34.8,20.2,,0,19700.0,14.12,2019-03-18,2.786,0.55,1.5323000000000002,21636.076,6129.200000000001
16,ivZt8,5fc42b3a18ac7fa60bdd3843,Cliente Zitacuaro,normal fondo,millares,4.0,65800.0,charola,"[0, 0]",32,kraft,103.5,33.8,20.2,,0,16450.0,14.12,2018-09-19,2.7460000000000004,0.54,1.4828400000000004,20937.700800000006,5931.3600000000015
17,ivZt8,5fc42b3a18ac7fa60bdd3843,Cliente Zitacuaro,normal tapa,millares,4.0,78800.0,charola,"[0, 0]",32,kraft,104.5,34.8,20.2,,0,19700.0,14.12,2018-09-19,2.786,0.55,1.5323000000000002,21636.076,6129.200000000001
18,ivZt1,5fc42b3a18ac7fa60bdd3844,Cliente Zitacuaro,normal fondo,millares,4.0,65800.0,charola,"[0, 0]",32,kraft,103.5,33.8,20.2,,0,16450.0,14.12,2018-03-23,2.7460000000000004,0.54,1.4828400000000004,20937.700800000006,5931.3600000000015
19,ivZt1,5fc42b3a18ac7fa60bdd3844,Cliente Zitacuaro,normal tapa,millares,4.0,78800.0,charola,"[0, 0]",32,kraft,104.5,34.8,20.2,,0,19700.0,14.12,2018-03-23,2.786,0.55,1.5323000000000002,21636.076,6129.200000000001
20,ivZt-6,5fc42b3a18ac7fa60bdd3845,Cliente Zitacuaro,normal fondo,millares,4.0,65800.0,charola,"[0, 0]",32,kraft,103.5,33.8,20.2,,0,16450.0,14.12,2017-09-24,2.7460000000000004,0.54,1.4828400000000004,20937.700800000006,5931.3600000000015
21,ivZt-6,5fc42b3a18ac7fa60bdd3845,Cliente Zitacuaro,normal tapa,millares,4.0,78800.0,charola,"[0, 0]",32,kraft,104.5,34.8,20.2,,0,19700.0,14.12,2017-09-24,2.786,0.55,1.5323000000000002,21636.076,6129.200000000001
22,1IN-00729,5fc4314d18ac7fa60bdd3846,Cliente plasticos.,3P,millares,1.5,12105.0,caja regular,"[5.5, 1.5]",23,kraft,37.0,33.5,16.9,CIP,0,8070.0,10.85,2020-10-14,1.465,0.519,0.7603350000000001,8249.634750000001,1140.5025000000003
23,0000001780,5fc439c618ac7fa60bdd3848,Cliente Intermuebles,CAJA-NOBS3D,millares,0.3,23700.0,caja regular,"[5.5, 1.5]",32,kraft,54.8,48.0,78.0,CIP,0,79000.0,14.12,2019-11-04,2.1109999999999998,1.275,2.6915249999999995,38004.33299999999,807.4574999999999
24,368510,5fc94c77eab151fb539d0eaa,QUESITOS S.A. DE C.V.,panela premium suaje,millares,5.0,108425.0,suaje,"[5.5, 1.5]",32,blanco,164.7,61.2,0.0,,1,21685.0,7.5,2020-10-23,4.5729999999999995,0.627,2.8672709999999997,21504.532499999998,14336.354999999998
25,368510,5fc94c77eab151fb539d0eaa,QUESITOS S.A. DE C.V.,panela premium separador,millares,5.0,13600.0,separador,"[0, 0]",26,kraft,29.0,29.0,0.0,,0,2720.0,5.8,2020-10-23,1.16,0.29,0.3364,1951.1199999999997,1682.0
26,36853,5fc94c77eab151fb539d0eab,QUESITOS S.A. DE C.V.,panela premium suaje,millares,5.0,108425.0,suaje,"[5.5, 1.5]",32,blanco,164.7,61.2,0.0,,1,21685.0,7.5,2020-10-02,4.5729999999999995,0.627,2.8672709999999997,21504.532499999998,14336.354999999998
27,36853,5fc94c77eab151fb539d0eab,QUESITOS S.A. DE C.V.,panela premium separador,millares,5.0,13600.0,separador,"[0, 0]",26,kraft,29.0,29.0,0.0,,0,2720.0,5.8,2020-10-02,1.16,0.29,0.3364,1951.1199999999997,1682.0
28,3685-4,5fc94c77eab151fb539d0eac,QUESITOS S.A. DE C.V.,panela premium suaje,millares,5.0,108425.0,suaje,"[5.5, 1.5]",32,blanco,164.7,61.2,0.0,,1,21685.0,7.5,2020-09-11,4.5729999999999995,0.627,2.8672709999999997,21504.532499999998,14336.354999999998
29,3685-4,5fc94c77eab151fb539d0eac,QUESITOS S.A. DE C.V.,panela premium separador,millares,5.0,13600.0,separador,"[0, 0]",26,kraft,29.0,29.0,0.0,,0,2720.0,5.8,2020-09-11,1.16,0.29,0.3364,1951.1199999999997,1682.0
30,3685-11,5fc94c77eab151fb539d0ead,QUESITOS S.A. DE C.V.,panela premium suaje,millares,5.0,108425.0,suaje,"[5.5, 1.5]",32,blanco,164.7,61.2,0.0,,1,21685.0,7.5,2020-08-21,4.5729999999999995,0.627,2.8672709999999997,21504.532499999998,14336.354999999998
31,3685-11,5fc94c77eab151fb539d0ead,QUESITOS S.A. DE C.V.,panela premium separador,millares,5.0,13600.0,separador,"[0, 0]",26,kraft,29.0,29.0,0.0,,0,2720.0,5.8,2020-08-21,1.16,0.29,0.3364,1951.1199999999997,1682.0
32,3685-18,5fc94c77eab151fb539d0eae,QUESITOS S.A. DE C.V.,panela premium suaje,millares,5.0,108425.0,suaje,"[5.5, 1.5]",32,blanco,164.7,61.2,0.0,,1,21685.0,7.5,2020-07-31,4.5729999999999995,0.627,2.8672709999999997,21504.532499999998,14336.354999999998
33,3685-18,5fc94c77eab151fb539d0eae,QUESITOS S.A. DE C.V.,panela premium separador,millares,5.0,13600.0,separador,"[0, 0]",26,kraft,29.0,29.0,0.0,,0,2720.0,5.8,2020-07-31,1.16,0.29,0.3364,1951.1199999999997,1682.0
34,3685-25,5fc94c77eab151fb539d0eaf,QUESITOS S.A. DE C.V.,panela premium suaje,millares,5.0,108425.0,suaje,"[5.5, 1.5]",32,blanco,164.7,61.2,0.0,,1,21685.0,7.5,2020-07-10,4.5729999999999995,0.627,2.8672709999999997,21504.532499999998,14336.354999999998
35,3685-25,5fc94c77eab151fb539d0eaf,QUESITOS S.A. DE C.V.,panela premium separador,millares,5.0,13600.0,separador,"[0, 0]",26,kraft,29.0,29.0,0.0,,0,2720.0,5.8,2020-07-10,1.16,0.29,0.3364,1951.1199999999997,1682.0
36,3685-32,5fc94c78eab151fb539d0eb0,QUESITOS S.A. DE C.V.,panela premium suaje,millares,5.0,108425.0,suaje,"[5.5, 1.5]",32,blanco,164.7,61.2,0.0,,1,21685.0,7.5,2020-06-19,4.5729999999999995,0.627,2.8672709999999997,21504.532499999998,14336.354999999998
37,3685-32,5fc94c78eab151fb539d0eb0,QUESITOS S.A. DE C.V.,panela premium separador,millares,5.0,13600.0,separador,"[0, 0]",26,kraft,29.0,29.0,0.0,,0,2720.0,5.8,2020-06-19,1.16,0.29,0.3364,1951.1199999999997,1682.0
38,3685-39,5fc94c78eab151fb539d0eb1,QUESITOS S.A. DE C.V.,panela premium suaje,millares,5.0,108425.0,suaje,"[5.5, 1.5]",32,blanco,164.7,61.2,0.0,,1,21685.0,7.5,2020-05-29,4.5729999999999995,0.627,2.8672709999999997,21504.532499999998,14336.354999999998
39,3685-39,5fc94c78eab151fb539d0eb1,QUESITOS S.A. DE C.V.,panela premium separador,millares,5.0,13600.0,separador,"[0, 0]",26,kraft,29.0,29.0,0.0,,0,2720.0,5.8,2020-05-29,1.16,0.29,0.3364,1951.1199999999997,1682.0
40,3685-46,5fc94c78eab151fb539d0eb2,QUESITOS S.A. DE C.V.,panela premium suaje,millares,5.0,108425.0,suaje,"[5.5, 1.5]",32,blanco,164.7,61.2,0.0,,1,21685.0,7.5,2020-05-08,4.5729999999999995,0.627,2.8672709999999997,21504.532499999998,14336.354999999998
41,3685-46,5fc94c78eab151fb539d0eb2,QUESITOS S.A. DE C.V.,panela premium separador,millares,5.0,13600.0,separador,"[0, 0]",26,kraft,29.0,29.0,0.0,,0,2720.0,5.8,2020-05-08,1.16,0.29,0.3364,1951.1199999999997,1682.0
42,3685-53,5fc94c78eab151fb539d0eb3,QUESITOS S.A. DE C.V.,panela premium suaje,millares,5.0,108425.0,suaje,"[5.5, 1.5]",32,blanco,164.7,61.2,0.0,,1,21685.0,7.5,2020-04-17,4.5729999999999995,0.627,2.8672709999999997,21504.532499999998,14336.354999999998
43,3685-53,5fc94c78eab151fb539d0eb3,QUESITOS S.A. DE C.V.,panela premium separador,millares,5.0,13600.0,separador,"[0, 0]",26,kraft,29.0,29.0,0.0,,0,2720.0,5.8,2020-04-17,1.16,0.29,0.3364,1951.1199999999997,1682.0
44,3685-60,5fc94c78eab151fb539d0eb4,QUESITOS S.A. DE C.V.,panela premium suaje,millares,5.0,108425.0,suaje,"[5.5, 1.5]",32,blanco,164.7,61.2,0.0,,1,21685.0,7.5,2020-03-27,4.5729999999999995,0.627,2.8672709999999997,21504.532499999998,14336.354999999998
45,3685-60,5fc94c78eab151fb539d0eb4,QUESITOS S.A. DE C.V.,panela premium separador,millares,5.0,13600.0,separador,"[0, 0]",26,kraft,29.0,29.0,0.0,,0,2720.0,5.8,2020-03-27,1.16,0.29,0.3364,1951.1199999999997,1682.0
46,3685-67,5fc94c78eab151fb539d0eb5,QUESITOS S.A. DE C.V.,panela premium suaje,millares,5.0,108425.0,suaje,"[5.5, 1.5]",32,blanco,164.7,61.2,0.0,,1,21685.0,7.5,2020-03-06,4.5729999999999995,0.627,2.8672709999999997,21504.532499999998,14336.354999999998
47,3685-67,5fc94c78eab151fb539d0eb5,QUESITOS S.A. DE C.V.,panela premium separador,millares,5.0,13600.0,separador,"[0, 0]",26,kraft,29.0,29.0,0.0,,0,2720.0,5.8,2020-03-06,1.16,0.29,0.3364,1951.1199999999997,1682.0
48,3685-74,5fc94c78eab151fb539d0eb6,QUESITOS S.A. DE C.V.,panela premium suaje,millares,5.0,108425.0,suaje,"[5.5, 1.5]",32,blanco,164.7,61.2,0.0,,1,21685.0,7.5,2020-02-14,4.5729999999999995,0.627,2.8672709999999997,21504.532499999998,14336.354999999998
49,3685-74,5fc94c78eab151fb539d0eb6,QUESITOS S.A. DE C.V.,panela premium separador,millares,5.0,13600.0,separador,"[0, 0]",26,kraft,29.0,29.0,0.0,,0,2720.0,5.8,2020-02-14,1.16,0.29,0.3364,1951.1199999999997,1682.0
50,3685-81,5fc94c78eab151fb539d0eb7,QUESITOS S.A. DE C.V.,panela premium suaje,millares,5.0,108425.0,suaje,"[5.5, 1.5]",32,blanco,164.7,61.2,0.0,,1,21685.0,7.5,2020-01-24,4.5729999999999995,0.627,2.8672709999999997,21504.532499999998,14336.354999999998
51,3685-81,5fc94c78eab151fb539d0eb7,QUESITOS S.A. DE C.V.,panela premium separador,millares,5.0,13600.0,separador,"[0, 0]",26,kraft,29.0,29.0,0.0,,0,2720.0,5.8,2020-01-24,1.16,0.29,0.3364,1951.1199999999997,1682.0
52,3685-88,5fc94c78eab151fb539d0eb8,QUESITOS S.A. DE C.V.,panela premium suaje,millares,5.0,108425.0,suaje,"[5.5, 1.5]",32,blanco,164.7,61.2,0.0,,1,21685.0,7.5,2020-01-03,4.5729999999999995,0.627,2.8672709999999997,21504.532499999998,14336.354999999998
53,3685-88,5fc94c78eab151fb539d0eb8,QUESITOS S.A. DE C.V.,panela premium separador,millares,5.0,13600.0,separador,"[0, 0]",26,kraft,29.0,29.0,0.0,,0,2720.0,5.8,2020-01-03,1.16,0.29,0.3364,1951.1199999999997,1682.0
54,3685-95,5fc94c78eab151fb539d0eb9,QUESITOS S.A. DE C.V.,panela premium suaje,millares,5.0,108425.0,suaje,"[5.5, 1.5]",32,blanco,164.7,61.2,0.0,,1,21685.0,7.5,2019-12-13,4.5729999999999995,0.627,2.8672709999999997,21504.532499999998,14336.354999999998
55,3685-95,5fc94c78eab151fb539d0eb9,QUESITOS S.A. DE C.V.,panela premium separador,millares,5.0,13600.0,separador,"[0, 0]",26,kraft,29.0,29.0,0.0,,0,2720.0,5.8,2019-12-13,1.16,0.29,0.3364,1951.1199999999997,1682.0
56,3685-102,5fc94c78eab151fb539d0eba,QUESITOS S.A. DE C.V.,panela premium suaje,millares,5.0,108425.0,suaje,"[5.5, 1.5]",32,blanco,164.7,61.2,0.0,,1,21685.0,7.5,2019-11-22,4.5729999999999995,0.627,2.8672709999999997,21504.532499999998,14336.354999999998
57,3685-102,5fc94c78eab151fb539d0eba,QUESITOS S.A. DE C.V.,panela premium separador,millares,5.0,13600.0,separador,"[0, 0]",26,kraft,29.0,29.0,0.0,,0,2720.0,5.8,2019-11-22,1.16,0.29,0.3364,1951.1199999999997,1682.0
58,3685-109,5fc94c78eab151fb539d0ebb,QUESITOS S.A. DE C.V.,panela premium suaje,millares,5.0,108425.0,suaje,"[5.5, 1.5]",32,blanco,164.7,61.2,0.0,,1,21685.0,7.5,2019-11-01,4.5729999999999995,0.627,2.8672709999999997,21504.532499999998,14336.354999999998
59,3685-109,5fc94c78eab151fb539d0ebb,QUESITOS S.A. DE C.V.,panela premium separador,millares,5.0,13600.0,separador,"[0, 0]",26,kraft,29.0,29.0,0.0,,0,2720.0,5.8,2019-11-01,1.16,0.29,0.3364,1951.1199999999997,1682.0
60,3685-116,5fc94c79eab151fb539d0ebc,QUESITOS S.A. DE C.V.,panela premium suaje,millares,5.0,108425.0,suaje,"[5.5, 1.5]",32,blanco,164.7,61.2,0.0,,1,21685.0,7.5,2019-10-11,4.5729999999999995,0.627,2.8672709999999997,21504.532499999998,14336.354999999998
61,3685-116,5fc94c79eab151fb539d0ebc,QUESITOS S.A. DE C.V.,panela premium separador,millares,5.0,13600.0,separador,"[0, 0]",26,kraft,29.0,29.0,0.0,,0,2720.0,5.8,2019-10-11,1.16,0.29,0.3364,1951.1199999999997,1682.0
62,3685-123,5fc94c79eab151fb539d0ebd,QUESITOS S.A. DE C.V.,panela premium suaje,millares,5.0,108425.0,suaje,"[5.5, 1.5]",32,blanco,164.7,61.2,0.0,,1,21685.0,7.5,2019-09-20,4.5729999999999995,0.627,2.8672709999999997,21504.532499999998,14336.354999999998
63,3685-123,5fc94c79eab151fb539d0ebd,QUESITOS S.A. DE C.V.,panela premium separador,millares,5.0,13600.0,separador,"[0, 0]",26,kraft,29.0,29.0,0.0,,0,2720.0,5.8,2019-09-20,1.16,0.29,0.3364,1951.1199999999997,1682.0
64,3685-130,5fc94c79eab151fb539d0ebe,QUESITOS S.A. DE C.V.,panela premium suaje,millares,5.0,108425.0,suaje,"[5.5, 1.5]",32,blanco,164.7,61.2,0.0,,1,21685.0,7.5,2019-08-30,4.5729999999999995,0.627,2.8672709999999997,21504.532499999998,14336.354999999998
65,3685-130,5fc94c79eab151fb539d0ebe,QUESITOS S.A. DE C.V.,panela premium separador,millares,5.0,13600.0,separador,"[0, 0]",26,kraft,29.0,29.0,0.0,,0,2720.0,5.8,2019-08-30,1.16,0.29,0.3364,1951.1199999999997,1682.0
66,3685-137,5fc94c79eab151fb539d0ebf,QUESITOS S.A. DE C.V.,panela premium suaje,millares,5.0,108425.0,suaje,"[5.5, 1.5]",32,blanco,164.7,61.2,0.0,,1,21685.0,7.5,2019-08-09,4.5729999999999995,0.627,2.8672709999999997,21504.532499999998,14336.354999999998
67,3685-137,5fc94c79eab151fb539d0ebf,QUESITOS S.A. DE C.V.,panela premium separador,millares,5.0,13600.0,separador,"[0, 0]",26,kraft,29.0,29.0,0.0,,0,2720.0,5.8,2019-08-09,1.16,0.29,0.3364,1951.1199999999997,1682.0
68,3685-144,5fc94c79eab151fb539d0ec0,QUESITOS S.A. DE C.V.,panela premium suaje,millares,5.0,108425.0,suaje,"[5.5, 1.5]",32,blanco,164.7,61.2,0.0,,1,21685.0,7.5,2019-07-19,4.5729999999999995,0.627,2.8672709999999997,21504.532499999998,14336.354999999998
69,3685-144,5fc94c79eab151fb539d0ec0,QUESITOS S.A. DE C.V.,panela premium separador,millares,5.0,13600.0,separador,"[0, 0]",26,kraft,29.0,29.0,0.0,,0,2720.0,5.8,2019-07-19,1.16,0.29,0.3364,1951.1199999999997,1682.0
70,3685-151,5fc94c79eab151fb539d0ec1,QUESITOS S.A. DE C.V.,panela premium suaje,millares,5.0,108425.0,suaje,"[5.5, 1.5]",32,blanco,164.7,61.2,0.0,,1,21685.0,7.5,2019-06-28,4.5729999999999995,0.627,2.8672709999999997,21504.532499999998,14336.354999999998
71,3685-151,5fc94c79eab151fb539d0ec1,QUESITOS S.A. DE C.V.,panela premium separador,millares,5.0,13600.0,separador,"[0, 0]",26,kraft,29.0,29.0,0.0,,0,2720.0,5.8,2019-06-28,1.16,0.29,0.3364,1951.1199999999997,1682.0
72,3685-158,5fc94c79eab151fb539d0ec2,QUESITOS S.A. DE C.V.,panela premium suaje,millares,5.0,108425.0,suaje,"[5.5, 1.5]",32,blanco,164.7,61.2,0.0,,1,21685.0,7.5,2019-06-07,4.5729999999999995,0.627,2.8672709999999997,21504.532499999998,14336.354999999998
73,3685-158,5fc94c79eab151fb539d0ec2,QUESITOS S.A. DE C.V.,panela premium separador,millares,5.0,13600.0,separador,"[0, 0]",26,kraft,29.0,29.0,0.0,,0,2720.0,5.8,2019-06-07,1.16,0.29,0.3364,1951.1199999999997,1682.0
74,3685-165,5fc94c79eab151fb539d0ec3,QUESITOS S.A. DE C.V.,panela premium suaje,millares,5.0,108425.0,suaje,"[5.5, 1.5]",32,blanco,164.7,61.2,0.0,,1,21685.0,7.5,2019-05-17,4.5729999999999995,0.627,2.8672709999999997,21504.532499999998,14336.354999999998
75,3685-165,5fc94c79eab151fb539d0ec3,QUESITOS S.A. DE C.V.,panela premium separador,millares,5.0,13600.0,separador,"[0, 0]",26,kraft,29.0,29.0,0.0,,0,2720.0,5.8,2019-05-17,1.16,0.29,0.3364,1951.1199999999997,1682.0
76,3685-172,5fc94c79eab151fb539d0ec4,QUESITOS S.A. DE C.V.,panela premium suaje,millares,5.0,108425.0,suaje,"[5.5, 1.5]",32,blanco,164.7,61.2,0.0,,1,21685.0,7.5,2019-04-26,4.5729999999999995,0.627,2.8672709999999997,21504.532499999998,14336.354999999998
77,3685-172,5fc94c79eab151fb539d0ec4,QUESITOS S.A. DE C.V.,panela premium separador,millares,5.0,13600.0,separador,"[0, 0]",26,kraft,29.0,29.0,0.0,,0,2720.0,5.8,2019-04-26,1.16,0.29,0.3364,1951.1199999999997,1682.0
78,3685-179,5fc94c79eab151fb539d0ec5,QUESITOS S.A. DE C.V.,panela premium suaje,millares,5.0,108425.0,suaje,"[5.5, 1.5]",32,blanco,164.7,61.2,0.0,,1,21685.0,7.5,2019-04-05,4.5729999999999995,0.627,2.8672709999999997,21504.532499999998,14336.354999999998
79,3685-179,5fc94c79eab151fb539d0ec5,QUESITOS S.A. DE C.V.,panela premium separador,millares,5.0,13600.0,separador,"[0, 0]",26,kraft,29.0,29.0,0.0,,0,2720.0,5.8,2019-04-05,1.16,0.29,0.3364,1951.1199999999997,1682.0
80,3685-186,5fc94c79eab151fb539d0ec6,QUESITOS S.A. DE C.V.,panela premium suaje,millares,5.0,108425.0,suaje,"[5.5, 1.5]",32,blanco,164.7,61.2,0.0,,1,21685.0,7.5,2019-03-15,4.5729999999999995,0.627,2.8672709999999997,21504.532499999998,14336.354999999998
81,3685-186,5fc94c79eab151fb539d0ec6,QUESITOS S.A. DE C.V.,panela premium separador,millares,5.0,13600.0,separador,"[0, 0]",26,kraft,29.0,29.0,0.0,,0,2720.0,5.8,2019-03-15,1.16,0.29,0.3364,1951.1199999999997,1682.0
82,3685-193,5fc94c7aeab151fb539d0ec7,QUESITOS S.A. DE C.V.,panela premium suaje,millares,5.0,108425.0,suaje,"[5.5, 1.5]",32,blanco,164.7,61.2,0.0,,1,21685.0,7.5,2019-02-22,4.5729999999999995,0.627,2.8672709999999997,21504.532499999998,14336.354999999998
83,3685-193,5fc94c7aeab151fb539d0ec7,QUESITOS S.A. DE C.V.,panela premium separador,millares,5.0,13600.0,separador,"[0, 0]",26,kraft,29.0,29.0,0.0,,0,2720.0,5.8,2019-02-22,1.16,0.29,0.3364,1951.1199999999997,1682.0
84,3685-200,5fc94c7aeab151fb539d0ec8,QUESITOS S.A. DE C.V.,panela premium suaje,millares,5.0,108425.0,suaje,"[5.5, 1.5]",32,blanco,164.7,61.2,0.0,,1,21685.0,7.5,2019-02-01,4.5729999999999995,0.627,2.8672709999999997,21504.532499999998,14336.354999999998
85,3685-200,5fc94c7aeab151fb539d0ec8,QUESITOS S.A. DE C.V.,panela premium separador,millares,5.0,13600.0,separador,"[0, 0]",26,kraft,29.0,29.0,0.0,,0,2720.0,5.8,2019-02-01,1.16,0.29,0.3364,1951.1199999999997,1682.0
86,3685-207,5fc94c7aeab151fb539d0ec9,QUESITOS S.A. DE C.V.,panela premium suaje,millares,5.0,108425.0,suaje,"[5.5, 1.5]",32,blanco,164.7,61.2,0.0,,1,21685.0,7.5,2019-01-11,4.5729999999999995,0.627,2.8672709999999997,21504.532499999998,14336.354999999998
87,3685-207,5fc94c7aeab151fb539d0ec9,QUESITOS S.A. DE C.V.,panela premium separador,millares,5.0,13600.0,separador,"[0, 0]",26,kraft,29.0,29.0,0.0,,0,2720.0,5.8,2019-01-11,1.16,0.29,0.3364,1951.1199999999997,1682.0
88,3685-214,5fc94c7aeab151fb539d0eca,QUESITOS S.A. DE C.V.,panela premium suaje,millares,5.0,108425.0,suaje,"[5.5, 1.5]",32,blanco,164.7,61.2,0.0,,1,21685.0,7.5,2018-12-21,4.5729999999999995,0.627,2.8672709999999997,21504.532499999998,14336.354999999998
89,3685-214,5fc94c7aeab151fb539d0eca,QUESITOS S.A. DE C.V.,panela premium separador,millares,5.0,13600.0,separador,"[0, 0]",26,kraft,29.0,29.0,0.0,,0,2720.0,5.8,2018-12-21,1.16,0.29,0.3364,1951.1199999999997,1682.0
90,3685-221,5fc94c7aeab151fb539d0ecb,QUESITOS S.A. DE C.V.,panela premium suaje,millares,5.0,108425.0,suaje,"[5.5, 1.5]",32,blanco,164.7,61.2,0.0,,1,21685.0,7.5,2018-11-30,4.5729999999999995,0.627,2.8672709999999997,21504.532499999998,14336.354999999998
91,3685-221,5fc94c7aeab151fb539d0ecb,QUESITOS S.A. DE C.V.,panela premium separador,millares,5.0,13600.0,separador,"[0, 0]",26,kraft,29.0,29.0,0.0,,0,2720.0,5.8,2018-11-30,1.16,0.29,0.3364,1951.1199999999997,1682.0
92,3685-228,5fc94c7aeab151fb539d0ecc,QUESITOS S.A. DE C.V.,panela premium suaje,millares,5.0,108425.0,suaje,"[5.5, 1.5]",32,blanco,164.7,61.2,0.0,,1,21685.0,7.5,2018-11-09,4.5729999999999995,0.627,2.8672709999999997,21504.532499999998,14336.354999999998
93,3685-228,5fc94c7aeab151fb539d0ecc,QUESITOS S.A. DE C.V.,panela premium separador,millares,5.0,13600.0,separador,"[0, 0]",26,kraft,29.0,29.0,0.0,,0,2720.0,5.8,2018-11-09,1.16,0.29,0.3364,1951.1199999999997,1682.0
94,3685-235,5fc94c7aeab151fb539d0ecd,QUESITOS S.A. DE C.V.,panela premium suaje,millares,5.0,108425.0,suaje,"[5.5, 1.5]",32,blanco,164.7,61.2,0.0,,1,21685.0,7.5,2018-10-19,4.5729999999999995,0.627,2.8672709999999997,21504.532499999998,14336.354999999998
95,3685-235,5fc94c7aeab151fb539d0ecd,QUESITOS S.A. DE C.V.,panela premium separador,millares,5.0,13600.0,separador,"[0, 0]",26,kraft,29.0,29.0,0.0,,0,2720.0,5.8,2018-10-19,1.16,0.29,0.3364,1951.1199999999997,1682.0
96,3685-242,5fc94c7aeab151fb539d0ece,QUESITOS S.A. DE C.V.,panela premium suaje,millares,5.0,108425.0,suaje,"[5.5, 1.5]",32,blanco,164.7,61.2,0.0,,1,21685.0,7.5,2018-09-28,4.5729999999999995,0.627,2.8672709999999997,21504.532499999998,14336.354999999998
97,3685-242,5fc94c7aeab151fb539d0ece,QUESITOS S.A. DE C.V.,panela premium separador,millares,5.0,13600.0,separador,"[0, 0]",26,kraft,29.0,29.0,0.0,,0,2720.0,5.8,2018-09-28,1.16,0.29,0.3364,1951.1199999999997,1682.0
98,3685-249,5fc94c7aeab151fb539d0ecf,QUESITOS S.A. DE C.V.,panela premium suaje,millares,5.0,108425.0,suaje,"[5.5, 1.5]",32,blanco,164.7,61.2,0.0,,1,21685.0,7.5,2018-09-07,4.5729999999999995,0.627,2.8672709999999997,21504.532499999998,14336.354999999998
99,3685-249,5fc94c7aeab151fb539d0ecf,QUESITOS S.A. DE C.V.,panela premium separador,millares,5.0,13600.0,separador,"[0, 0]",26,kraft,29.0,29.0,0.0,,0,2720.0,5.8,2018-09-07,1.16,0.29,0.3364,1951.1199999999997,1682.0
100,3685-256,5fc94c7aeab151fb539d0ed0,QUESITOS S.A. DE C.V.,panela premium suaje,millares,5.0,108425.0,suaje,"[5.5, 1.5]",32,blanco,164.7,61.2,0.0,,1,21685.0,7.5,2018-08-17,4.5729999999999995,0.627,2.8672709999999997,21504.532499999998,14336.354999999998
101,3685-256,5fc94c7aeab151fb539d0ed0,QUESITOS S.A. DE C.V.,panela premium separador,millares,5.0,13600.0,separador,"[0, 0]",26,kraft,29.0,29.0,0.0,,0,2720.0,5.8,2018-08-17,1.16,0.29,0.3364,1951.1199999999997,1682.0
102,3685-263,5fc94c7aeab151fb539d0ed1,QUESITOS S.A. DE C.V.,panela premium suaje,millares,5.0,108425.0,suaje,"[5.5, 1.5]",32,blanco,164.7,61.2,0.0,,1,21685.0,7.5,2018-07-27,4.5729999999999995,0.627,2.8672709999999997,21504.532499999998,14336.354999999998
103,3685-263,5fc94c7aeab151fb539d0ed1,QUESITOS S.A. DE C.V.,panela premium separador,millares,5.0,13600.0,separador,"[0, 0]",26,kraft,29.0,29.0,0.0,,0,2720.0,5.8,2018-07-27,1.16,0.29,0.3364,1951.1199999999997,1682.0
104,3685-270,5fc94c7aeab151fb539d0ed2,QUESITOS S.A. DE C.V.,panela premium suaje,millares,5.0,108425.0,suaje,"[5.5, 1.5]",32,blanco,164.7,61.2,0.0,,1,21685.0,7.5,2018-07-06,4.5729999999999995,0.627,2.8672709999999997,21504.532499999998,14336.354999999998
105,3685-270,5fc94c7aeab151fb539d0ed2,QUESITOS S.A. DE C.V.,panela premium separador,millares,5.0,13600.0,separador,"[0, 0]",26,kraft,29.0,29.0,0.0,,0,2720.0,5.8,2018-07-06,1.16,0.29,0.3364,1951.1199999999997,1682.0
106,3685-277,5fc94c7beab151fb539d0ed3,QUESITOS S.A. DE C.V.,panela premium suaje,millares,5.0,108425.0,suaje,"[5.5, 1.5]",32,blanco,164.7,61.2,0.0,,1,21685.0,7.5,2018-06-15,4.5729999999999995,0.627,2.8672709999999997,21504.532499999998,14336.354999999998
107,3685-277,5fc94c7beab151fb539d0ed3,QUESITOS S.A. DE C.V.,panela premium separador,millares,5.0,13600.0,separador,"[0, 0]",26,kraft,29.0,29.0,0.0,,0,2720.0,5.8,2018-06-15,1.16,0.29,0.3364,1951.1199999999997,1682.0
108,3685-284,5fc94c7beab151fb539d0ed4,QUESITOS S.A. DE C.V.,panela premium suaje,millares,5.0,108425.0,suaje,"[5.5, 1.5]",32,blanco,164.7,61.2,0.0,,1,21685.0,7.5,2018-05-25,4.5729999999999995,0.627,2.8672709999999997,21504.532499999998,14336.354999999998
109,3685-284,5fc94c7beab151fb539d0ed4,QUESITOS S.A. DE C.V.,panela premium separador,millares,5.0,13600.0,separador,"[0, 0]",26,kraft,29.0,29.0,0.0,,0,2720.0,5.8,2018-05-25,1.16,0.29,0.3364,1951.1199999999997,1682.0
110,3685-291,5fc94c7beab151fb539d0ed5,QUESITOS S.A. DE C.V.,panela premium suaje,millares,5.0,108425.0,suaje,"[5.5, 1.5]",32,blanco,164.7,61.2,0.0,,1,21685.0,7.5,2018-05-04,4.5729999999999995,0.627,2.8672709999999997,21504.532499999998,14336.354999999998
111,3685-291,5fc94c7beab151fb539d0ed5,QUESITOS S.A. DE C.V.,panela premium separador,millares,5.0,13600.0,separador,"[0, 0]",26,kraft,29.0,29.0,0.0,,0,2720.0,5.8,2018-05-04,1.16,0.29,0.3364,1951.1199999999997,1682.0
112,3685-298,5fc94c7beab151fb539d0ed6,QUESITOS S.A. DE C.V.,panela premium suaje,millares,5.0,108425.0,suaje,"[5.5, 1.5]",32,blanco,164.7,61.2,0.0,,1,21685.0,7.5,2018-04-13,4.5729999999999995,0.627,2.8672709999999997,21504.532499999998,14336.354999999998
113,3685-298,5fc94c7beab151fb539d0ed6,QUESITOS S.A. DE C.V.,panela premium separador,millares,5.0,13600.0,separador,"[0, 0]",26,kraft,29.0,29.0,0.0,,0,2720.0,5.8,2018-04-13,1.16,0.29,0.3364,1951.1199999999997,1682.0
114,3685-305,5fc94c7beab151fb539d0ed7,QUESITOS S.A. DE C.V.,panela premium suaje,millares,5.0,108425.0,suaje,"[5.5, 1.5]",32,blanco,164.7,61.2,0.0,,1,21685.0,7.5,2018-03-23,4.5729999999999995,0.627,2.8672709999999997,21504.532499999998,14336.354999999998
115,3685-305,5fc94c7beab151fb539d0ed7,QUESITOS S.A. DE C.V.,panela premium separador,millares,5.0,13600.0,separador,"[0, 0]",26,kraft,29.0,29.0,0.0,,0,2720.0,5.8,2018-03-23,1.16,0.29,0.3364,1951.1199999999997,1682.0
116,3685-312,5fc94c7beab151fb539d0ed8,QUESITOS S.A. DE C.V.,panela premium suaje,millares,5.0,108425.0,suaje,"[5.5, 1.5]",32,blanco,164.7,61.2,0.0,,1,21685.0,7.5,2018-03-02,4.5729999999999995,0.627,2.8672709999999997,21504.532499999998,14336.354999999998
117,3685-312,5fc94c7beab151fb539d0ed8,QUESITOS S.A. DE C.V.,panela premium separador,millares,5.0,13600.0,separador,"[0, 0]",26,kraft,29.0,29.0,0.0,,0,2720.0,5.8,2018-03-02,1.16,0.29,0.3364,1951.1199999999997,1682.0
118,3685-319,5fc94c7beab151fb539d0ed9,QUESITOS S.A. DE C.V.,panela premium suaje,millares,5.0,108425.0,suaje,"[5.5, 1.5]",32,blanco,164.7,61.2,0.0,,1,21685.0,7.5,2018-02-09,4.5729999999999995,0.627,2.8672709999999997,21504.532499999998,14336.354999999998
119,3685-319,5fc94c7beab151fb539d0ed9,QUESITOS S.A. DE C.V.,panela premium separador,millares,5.0,13600.0,separador,"[0, 0]",26,kraft,29.0,29.0,0.0,,0,2720.0,5.8,2018-02-09,1.16,0.29,0.3364,1951.1199999999997,1682.0
120,3685-326,5fc94c7beab151fb539d0eda,QUESITOS S.A. DE C.V.,panela premium suaje,millares,5.0,108425.0,suaje,"[5.5, 1.5]",32,blanco,164.7,61.2,0.0,,1,21685.0,7.5,2018-01-19,4.5729999999999995,0.627,2.8672709999999997,21504.532499999998,14336.354999999998
121,3685-326,5fc94c7beab151fb539d0eda,QUESITOS S.A. DE C.V.,panela premium separador,millares,5.0,13600.0,separador,"[0, 0]",26,kraft,29.0,29.0,0.0,,0,2720.0,5.8,2018-01-19,1.16,0.29,0.3364,1951.1199999999997,1682.0
122,3685-333,5fc94c7beab151fb539d0edb,QUESITOS S.A. DE C.V.,panela premium suaje,millares,5.0,108425.0,suaje,"[5.5, 1.5]",32,blanco,164.7,61.2,0.0,,1,21685.0,7.5,2017-12-29,4.5729999999999995,0.627,2.8672709999999997,21504.532499999998,14336.354999999998
123,3685-333,5fc94c7beab151fb539d0edb,QUESITOS S.A. DE C.V.,panela premium separador,millares,5.0,13600.0,separador,"[0, 0]",26,kraft,29.0,29.0,0.0,,0,2720.0,5.8,2017-12-29,1.16,0.29,0.3364,1951.1199999999997,1682.0
124,3685-340,5fc94c7beab151fb539d0edc,QUESITOS S.A. DE C.V.,panela premium suaje,millares,5.0,108425.0,suaje,"[5.5, 1.5]",32,blanco,164.7,61.2,0.0,,1,21685.0,7.5,2017-12-08,4.5729999999999995,0.627,2.8672709999999997,21504.532499999998,14336.354999999998
125,3685-340,5fc94c7beab151fb539d0edc,QUESITOS S.A. DE C.V.,panela premium separador,millares,5.0,13600.0,separador,"[0, 0]",26,kraft,29.0,29.0,0.0,,0,2720.0,5.8,2017-12-08,1.16,0.29,0.3364,1951.1199999999997,1682.0
126,3685-347,5fc94c7beab151fb539d0edd,QUESITOS S.A. DE C.V.,panela premium suaje,millares,5.0,108425.0,suaje,"[5.5, 1.5]",32,blanco,164.7,61.2,0.0,,1,21685.0,7.5,2017-11-17,4.5729999999999995,0.627,2.8672709999999997,21504.532499999998,14336.354999999998
127,3685-347,5fc94c7beab151fb539d0edd,QUESITOS S.A. DE C.V.,panela premium separador,millares,5.0,13600.0,separador,"[0, 0]",26,kraft,29.0,29.0,0.0,,0,2720.0,5.8,2017-11-17,1.16,0.29,0.3364,1951.1199999999997,1682.0
128,3685-354,5fc94c7ceab151fb539d0ede,QUESITOS S.A. DE C.V.,panela premium suaje,millares,5.0,108425.0,suaje,"[5.5, 1.5]",32,blanco,164.7,61.2,0.0,,1,21685.0,7.5,2017-10-27,4.5729999999999995,0.627,2.8672709999999997,21504.532499999998,14336.354999999998
129,3685-354,5fc94c7ceab151fb539d0ede,QUESITOS S.A. DE C.V.,panela premium separador,millares,5.0,13600.0,separador,"[0, 0]",26,kraft,29.0,29.0,0.0,,0,2720.0,5.8,2017-10-27,1.16,0.29,0.3364,1951.1199999999997,1682.0
130,0000001449,5fc951a8eab151fb539d0ee0,Cliente Intermuebles,CAJACHAROLAOW1D,millares,0.4,8800.0,charola,"[0, 0]",32,kraft,61.4,59.1,18.3,,0,22000.0,14.12,2020-09-01,2.41,0.774,1.8653400000000002,26338.6008,746.1360000000001
131,0000001449,5fc951a8eab151fb539d0ee0,Cliente Intermuebles,CAJAOW2D2,millares,0.4,24600.0,caja regular,"[5.5, 1.5]",32,kraft,77.8,61.5,200.0,CIP,0,123000.0,14.12,2020-09-01,2.841,2.63,7.471830000000001,105502.23960000002,2988.7320000000004
132,0000001449,5fc951a8eab151fb539d0ee0,Cliente Intermuebles,CAJAOW1D2D,millares,0.2,21200.0,caja regular,"[5.5, 1.5]",32,kraft,60.0,57.0,200.0,CIP,0,106000.0,14.12,2020-09-01,2.395,2.585,6.191075,87417.97899999999,1238.2150000000001
133,0000001449,5fc951a8eab151fb539d0ee0,Cliente Intermuebles,CAJACHAROLALOW2D2,millares,0.4,10400.0,charola,"[0, 0]",32,kraft,79.2,63.6,18.3,,0,26000.0,14.12,2020-09-01,2.8560000000000003,0.8190000000000001,2.3390640000000005,33027.58368,935.6256000000003
134,0000001794,5fc954cfeab151fb539d0ee1,Cliente Intermuebles,CAJA-NOBS3D,millares,0.6,47400.0,caja regular,"[5.5, 1.5]",32,kraft,54.8,48.0,78.0,CIP,0,79000.0,14.12,2020-11-06,2.1109999999999998,1.275,2.6915249999999995,38004.33299999999,1614.9149999999997
135,0000001816,5fc955d6eab151fb539d0ee2,Cliente Intermuebles,CAJA-NOBS3D,millares,0.3,23700.0,caja regular,"[5.5, 1.5]",32,kraft,54.8,48.0,78.0,CIP,0,79000.0,14.12,2020-11-11,2.1109999999999998,1.275,2.6915249999999995,38004.33299999999,807.4574999999999
136,0000001816,5fc955d6eab151fb539d0ee2,Cliente Intermuebles,CAJA-NOC4D,millares,0.3,31500.0,caja regular,"[5.5, 1.5]",32,kraft,74.8,48.0,97.0,CIP,0,105000.0,14.12,2020-11-11,2.511,1.465,3.678615,51942.0438,1103.5845
137,0000001731,5fc980408e8ca1720f06b590,Cliente Intermuebles,CAJA-NOBS3D,millares,0.5,39500.0,caja regular,"[5.5, 1.5]",32,kraft,54.8,48.0,78.0,CIP,0,79000.0,14.12,2020-10-23,2.1109999999999998,1.275,2.6915249999999995,38004.33299999999,1345.7624999999998
138,0000001731,5fc980408e8ca1720f06b590,Cliente Intermuebles,CAJAOC3D,millares,0.2,18600.0,caja regular,"[5.5, 1.5]",32,kraft,74.8,48.0,78.0,CIP,0,93000.0,14.12,2020-10-23,2.511,1.275,3.2015249999999997,45205.532999999996,640.3050000000001
139,0000001731,5fc980408e8ca1720f06b590,Cliente Intermuebles,CAJA-NOC4D,millares,0.2,21000.0,caja regular,"[5.5, 1.5]",32,kraft,74.8,48.0,97.0,CIP,0,105000.0,14.12,2020-10-23,2.511,1.465,3.678615,51942.0438,735.7230000000002
140,0000001731,5fc980408e8ca1720f06b590,Cliente Intermuebles,CAJAOW1D2D,millares,0.2,21200.0,caja regular,"[5.5, 1.5]",32,kraft,60.0,57.0,200.0,CIP,0,106000.0,14.12,2020-10-23,2.395,2.585,6.191075,87417.97899999999,1238.2150000000001
141,0000001731,5fc980408e8ca1720f06b590,Cliente Intermuebles,CAJACHAROLAOW1D,millares,0.4,8800.0,charola,"[0, 0]",32,kraft,61.4,59.1,18.3,,0,22000.0,14.12,2020-10-23,2.41,0.774,1.8653400000000002,26338.6008,746.1360000000001
142,0000001012,5fc989488e8ca1720f06b591,Cliente Intermuebles,CAJA-NOBS3D,millares,0.6,47400.0,caja regular,"[5.5, 1.5]",32,kraft,54.8,48.0,78.0,CIP,0,79000.0,14.12,2020-06-05,2.1109999999999998,1.275,2.6915249999999995,38004.33299999999,1614.9149999999997
143,0000001137,5fc98ea98e8ca1720f06b592,Cliente Intermuebles,CAJAOC3D,millares,0.2,18600.0,caja regular,"[5.5, 1.5]",32,kraft,74.8,48.0,78.0,CIP,0,93000.0,14.12,2020-07-02,2.511,1.275,3.2015249999999997,45205.532999999996,640.3050000000001
144,0000001141,5fc98f748e8ca1720f06b593,Cliente Intermuebles,CAJA-NOC4D,millares,0.3,31500.0,caja regular,"[5.5, 1.5]",32,kraft,74.8,48.0,97.0,CIP,0,105000.0,14.12,2020-07-03,2.511,1.465,3.678615,51942.0438,1103.5845
145,0000001246,5fc990128e8ca1720f06b594,Cliente Intermuebles,CAJA-NOBS3D,millares,0.2,15800.0,caja regular,"[5.5, 1.5]",32,kraft,54.8,48.0,78.0,CIP,0,79000.0,14.12,2020-07-24,2.1109999999999998,1.275,2.6915249999999995,38004.33299999999,538.305
146,0000001246,5fc990128e8ca1720f06b594,Cliente Intermuebles,CAJA-NOC4D,millares,0.2,21000.0,caja regular,"[5.5, 1.5]",32,kraft,74.8,48.0,97.0,CIP,0,105000.0,14.12,2020-07-24,2.511,1.465,3.678615,51942.0438,735.7230000000002
147,0000001057,5fc992738e8ca1720f06b595,Cliente Intermuebles,CAJA-NOBS3D,millares,0.6,47400.0,caja regular,"[5.5, 1.5]",32,kraft,54.8,48.0,78.0,CIP,0,79000.0,14.12,2020-06-17,2.1109999999999998,1.275,2.6915249999999995,38004.33299999999,1614.9149999999997
148,0000001428,5fc9950f8e8ca1720f06b596,Cliente Intermuebles,CAJA-NOBS3D,millares,0.5,39500.0,caja regular,"[5.5, 1.5]",32,kraft,54.8,48.0,78.0,CIP,0,79000.0,14.12,2020-08-28,2.1109999999999998,1.275,2.6915249999999995,38004.33299999999,1345.7624999999998
149,0000001428,5fc9950f8e8ca1720f06b596,Cliente Intermuebles,CAJA-NOC4D,millares,0.2,21000.0,caja regular,"[5.5, 1.5]",32,kraft,74.8,48.0,97.0,CIP,0,105000.0,14.12,2020-08-28,2.511,1.465,3.678615,51942.0438,735.7230000000002
150,24338,5fcb94784124c8597eb6c8c1,Cliente loqay,CJ90,millares,2.0,5512.0,caja regular,"[5.5, 1.5]",29,kraft,20.0,10.4,18.5,CIP,0,2756.0,13.25,2020-10-22,0.6629999999999999,0.304,0.20155199999999998,2670.564,403.104
151,24336,5fcb94d64124c8597eb6c8c2,Cliente loqay,CJ08,millares,2.0,11690.0,caja regular,"[5.5, 1.5]",29,kraft,28.0,21.2,18.5,CIP,0,5845.0,13.25,2020-10-22,1.0390000000000001,0.41200000000000003,0.4280680000000001,5671.901000000002,856.1360000000002
152,24154,5fcb95514124c8597eb6c8c3,Cliente loqay,CJ42,millares,5.0,30890.0,caja regular,"[5.5, 1.5]",29,kraft,25.2,23.5,19.0,CIP,0,6178.0,13.25,2020-09-11,1.0290000000000001,0.44,0.45276000000000005,5999.070000000001,2263.8
153,24153,5fcb95854124c8597eb6c8c4,Cliente loqay,CJ42,millares,5.0,30890.0,caja regular,"[5.5, 1.5]",29,kraft,25.2,23.5,19.0,CIP,0,6178.0,13.25,2020-09-11,1.0290000000000001,0.44,0.45276000000000005,5999.070000000001,2263.8
154,24152,5fcb95d34124c8597eb6c8c5,Cliente loqay,CJ61,millares,3.0,16536.0,caja regular,"[5.5, 1.5]",29,kraft,29.0,20.5,16.3,CIP,0,5512.0,13.25,2020-09-11,1.045,0.38299999999999995,0.4002349999999999,5303.113749999999,1200.7049999999997
155,24151,5fcb97504124c8597eb6c8c6,Cliente loqay,CJ60,millares,3.0,16536.0,caja regular,"[5.5, 1.5]",29,kraft,29.0,20.5,16.3,CIP,0,5512.0,13.25,2020-09-11,1.045,0.38299999999999995,0.4002349999999999,5303.113749999999,1200.7049999999997
156,1IN-00731,5fcba7404124c8597eb6c8c7,Cliente plasticos.,6P,millares,2.0,23600.0,caja regular,"[5.5, 1.5]",36,kraft,34.0,34.0,19.2,CIP,0,11800.0,14.64,2020-10-14,1.415,0.547,0.774005,11331.433200000001,1548.0100000000002
157,1IN-00735,5fcba82c4124c8597eb6c8c9,Cliente plasticos.,7P,millares,2.5,19375.0,caja regular,"[5.5, 1.5]",36,kraft,35.2,18.2,16.5,CIP,0,7750.0,14.64,2020-10-19,1.1230000000000002,0.36200000000000004,0.4065260000000001,5951.540640000002,1016.3150000000003
158,1IN-00735,5fcba82c4124c8597eb6c8c9,Cliente plasticos.,1P,millares,2.5,20175.0,caja regular,"[5.5, 1.5]",23,kraft,35.5,18.2,23.4,CIP,0,8070.0,10.85,2020-10-19,1.129,0.43099999999999994,0.48659899999999995,5279.599149999999,1216.4974999999997
159,1IN-00748,5fcba9ff4124c8597eb6c8ca,Cliente plasticos.,2AP,millares,2.5,44750.0,caja regular,"[5.5, 1.5]",38,kraft,36.0,36.0,27.5,CIP,0,17900.0,16.18,2020-10-21,1.495,0.65,0.9717500000000001,15722.915000000003,2429.3750000000005
160,1IN-00748,5fcba9ff4124c8597eb6c8ca,Cliente plasticos.,4P,millares,2.5,24250.0,caja regular,"[5.5, 1.5]",23,kraft,47.0,32.0,22.7,CIP,0,9700.0,10.85,2020-10-21,1.635,0.562,0.9188700000000001,9969.739500000001,2297.175
161,1IN-00748,5fcba9ff4124c8597eb6c8ca,Cliente plasticos.,6P,millares,4.0,47200.0,caja regular,"[5.5, 1.5]",36,kraft,34.0,34.0,19.2,CIP,0,11800.0,14.64,2020-10-21,1.415,0.547,0.774005,11331.433200000001,3096.0200000000004
162,1IN-00748,5fcba9ff4124c8597eb6c8ca,Cliente plasticos.,3P,millares,4.0,32280.0,caja regular,"[5.5, 1.5]",23,kraft,37.0,33.5,16.9,CIP,0,8070.0,10.85,2020-10-21,1.465,0.519,0.7603350000000001,8249.634750000001,3041.3400000000006
163,1IN-00752,5fcbad074124c8597eb6c8cb,Cliente plasticos.,6P,millares,4.0,47200.0,caja regular,"[5.5, 1.5]",36,kraft,34.0,34.0,19.2,CIP,0,11800.0,14.64,2020-10-21,1.415,0.547,0.774005,11331.433200000001,3096.0200000000004
164,0000001138,5fcbc19d4124c8597eb6c8cc,Cliente Intermuebles,CAJAOW1D2D,millares,0.1,10600.0,caja regular,"[5.5, 1.5]",32,kraft,60.0,57.0,200.0,CIP,0,106000.0,14.12,2020-07-02,2.395,2.585,6.191075,87417.97899999999,619.1075000000001
165,0000000031,5fcbc61f4124c8597eb6c8cd,Cliente Intermuebles,CAJA35BWBE,millares,1.125,30375.0,suaje,"[5.5, 1.5]",32,kraft,86.3,95.7,0.0,,0,27000.0,7.0,2020-11-07,3.695,0.972,3.5915399999999997,25140.78,4040.4824999999996
166,0000000166,5fcbc73d4124c8597eb6c8ce,Cliente Intermuebles,CAJA35BWBE,millares,4.0,108000.0,suaje,"[5.5, 1.5]",32,kraft,86.3,95.7,0.0,,0,27000.0,7.0,2020-11-29,3.695,0.972,3.5915399999999997,25140.78,14366.159999999998
167,0000000166,5fcbc73d4124c8597eb6c8ce,Cliente Intermuebles,CAJA-NOBS3D,millares,0.4,31600.0,caja regular,"[5.5, 1.5]",32,kraft,54.8,48.0,78.0,CIP,0,79000.0,14.12,2020-11-29,2.1109999999999998,1.275,2.6915249999999995,38004.33299999999,1076.61
168,0000000167,5fcbc8fa4124c8597eb6c8cf,Cliente Intermuebles,CAJA35BWBE,millares,7.0,189000.0,suaje,"[5.5, 1.5]",32,kraft,86.3,95.7,0.0,,0,27000.0,7.0,2020-11-29,3.695,0.972,3.5915399999999997,25140.78,25140.78
169,0000000167,5fcbc8fa4124c8597eb6c8cf,Cliente Intermuebles,CAJA-NOBS3D,millares,0.5,39500.0,caja regular,"[5.5, 1.5]",32,kraft,54.8,48.0,78.0,CIP,0,79000.0,14.12,2020-11-29,2.1109999999999998,1.275,2.6915249999999995,38004.33299999999,1345.7624999999998
170,0000000167,5fcbc8fa4124c8597eb6c8cf,Cliente Intermuebles,CAJAOC3D,millares,0.2,18600.0,caja regular,"[5.5, 1.5]",32,kraft,74.8,48.0,78.0,CIP,0,93000.0,14.12,2020-11-29,2.511,1.275,3.2015249999999997,45205.532999999996,640.3050000000001
171,0000000167,5fcbc8fa4124c8597eb6c8cf,Cliente Intermuebles,CAJA-NOC4D,millares,0.2,21000.0,caja regular,"[5.5, 1.5]",32,kraft,74.8,48.0,97.0,CIP,0,105000.0,14.12,2020-11-29,2.511,1.465,3.678615,51942.0438,735.7230000000002
172,24150,5fcbd5aa4124c8597eb6c8d1,Cliente loqay,CJ98,millares,2.5,12115.0,caja regular,"[5.5, 1.5]",29,kraft,32.3,18.5,13.3,CIP,0,4846.0,13.25,2020-09-11,1.071,0.33299999999999996,0.35664299999999993,4725.5197499999995,891.6074999999998
173,24147,5fcbd6604124c8597eb6c8d2,Cliente loqay,CJ85,millares,3.0,11232.0,caja regular,"[5.5, 1.5]",29,kraft,19.6,15.0,20.0,CIP,0,3744.0,13.25,2020-09-11,0.747,0.365,0.272655,3612.6787499999996,817.9649999999999
174,24146,5fcbd6894124c8597eb6c8d3,Cliente loqay,CJ85,millares,3.0,11232.0,caja regular,"[5.5, 1.5]",29,kraft,19.6,15.0,20.0,CIP,0,3744.0,13.25,2020-09-11,0.747,0.365,0.272655,3612.6787499999996,817.9649999999999
175,24145,5fcbd6bd4124c8597eb6c8d4,Cliente loqay,CJ249,millares,3.0,30264.0,caja regular,"[5.5, 1.5]",36,kraft,32.8,25.0,25.3,CIG,0,10088.0,14.64,2020-09-11,1.2109999999999999,0.518,0.6272979999999999,9183.64272,1881.8939999999998
176,24144,5fcbd7034124c8597eb6c8d5,Cliente loqay,CJ67,millares,3.0,12573.0,caja regular,"[7, 2.7]",29,kraft,26.3,17.8,13.2,CIP,0,4191.0,13.25,2020-09-11,0.9520000000000001,0.337,0.32082400000000005,4250.918000000001,962.4720000000002
177,24143,5fcbd7344124c8597eb6c8d6,Cliente loqay,CJ67,millares,3.0,12573.0,caja regular,"[7, 2.7]",29,kraft,26.3,17.8,13.2,CIP,0,4191.0,13.25,2020-09-11,0.9520000000000001,0.337,0.32082400000000005,4250.918000000001,962.4720000000002
178,24155,5fcbd7884124c8597eb6c8d7,Cliente loqay,CJ247,millares,2.0,27664.0,caja en dos piezas,"[7, 2.7]",32,kraft,44.3,32.0,14.5,CIP,0,13832.0,18.3,2020-09-11,1.5959999999999999,0.49200000000000005,0.785232,14369.745600000002,1570.4640000000002
179,24141,5fcbd8574124c8597eb6c8d8,Cliente loqay,CJ07,millares,2.5,35282.5,caja regular,"[5.5, 1.5]",32,kraft,33.8,30.8,30.0,CIG,0,14113.0,14.12,2020-09-11,1.347,0.623,0.839181,11849.235719999999,2097.9525
180,24160,5fcbd89d4124c8597eb6c8d9,Cliente loqay,CJ05,millares,3.5,42042.0,caja regular,"[5.5, 1.5]",36,kraft,30.5,30.5,27.0,CIG,0,12012.0,14.64,2020-09-11,1.275,0.59,0.7522499999999999,11012.939999999999,2632.8749999999995
181,24148,5fcbd8f14124c8597eb6c8da,Cliente loqay,CJ186,millares,3.0,9267.0,caja regular,"[5.5, 1.5]",29,kraft,19.0,12.7,18.6,CIP,0,3089.0,13.25,2020-09-11,0.6890000000000001,0.32799999999999996,0.225992,2994.394,677.976
182,24149,5fcbd9794124c8597eb6c8db,Cliente loqay,CJ227,millares,2.0,10108.0,caja regular,"[5.5, 1.5]",29,kraft,34.0,18.2,14.7,CIG,0,5054.0,13.25,2020-09-11,1.099,0.344,0.37805599999999995,5009.241999999999,756.1119999999999
183,23376,5fcbda734124c8597eb6c8dc,Cliente loqay,CJ04,millares,2.5,25220.0,caja regular,"[5.5, 1.5]",36,kraft,32.3,24.5,27.5,CIP,0,10088.0,14.64,2020-02-27,1.1909999999999998,0.535,0.637185,9328.3884,1592.9625
184,23377,5fcbdabf4124c8597eb6c8dd,Cliente loqay,CJ05,millares,3.5,42042.0,caja regular,"[5.5, 1.5]",36,kraft,30.5,30.5,27.0,CIG,0,12012.0,14.64,2020-02-27,1.275,0.59,0.7522499999999999,11012.939999999999,2632.8749999999995
185,23378,5fcbdb324124c8597eb6c8de,Cliente loqay,CJ07,millares,2.5,35282.5,caja regular,"[5.5, 1.5]",32,kraft,33.8,30.8,30.0,CIG,0,14113.0,14.12,2020-02-27,1.347,0.623,0.839181,11849.235719999999,2097.9525
186,23379,5fcbdb584124c8597eb6c8df,Cliente loqay,CJ08,millares,2.5,14612.5,caja regular,"[5.5, 1.5]",29,kraft,28.0,21.2,18.5,CIP,0,5845.0,13.25,2020-02-27,1.0390000000000001,0.41200000000000003,0.4280680000000001,5671.901000000002,1070.1700000000003
187,23380,5fcbdbe94124c8597eb6c8e0,Cliente loqay,CJ09,millares,2.5,33357.5,caja regular,"[5.5, 1.5]",36,kraft,48.3,33.5,14.5,CIG,0,13343.0,14.64,2020-02-27,1.6909999999999998,0.495,0.8370449999999999,12254.3388,2092.6125
188,23381,5fcbdc144124c8597eb6c8e1,Cliente loqay,CJ67,millares,7.0,29337.0,caja regular,"[7, 2.7]",29,kraft,26.3,17.8,13.2,CIP,0,4191.0,13.25,2020-02-27,0.9520000000000001,0.337,0.32082400000000005,4250.918000000001,2245.7680000000005
189,23382,5fcbdc4e4124c8597eb6c8e2,Cliente loqay,CJ85,millares,3.5,13104.0,caja regular,"[5.5, 1.5]",29,kraft,19.6,15.0,20.0,CIP,0,3744.0,13.25,2020-02-27,0.747,0.365,0.272655,3612.6787499999996,954.2925
190,23383,5fcbdc7e4124c8597eb6c8e3,Cliente loqay,CJ247,millares,2.0,27664.0,caja en dos piezas,"[7, 2.7]",32,kraft,44.3,32.0,14.5,CIP,0,13832.0,18.3,2020-02-27,1.5959999999999999,0.49200000000000005,0.785232,14369.745600000002,1570.4640000000002
191,23526,5fcbddbb4124c8597eb6c8e4,Cliente loqay,CJ90,millares,3.0,8268.0,caja regular,"[5.5, 1.5]",29,kraft,20.0,10.4,18.5,CIP,0,2756.0,13.25,2020-04-22,0.6629999999999999,0.304,0.20155199999999998,2670.564,604.656
192,23527,5fcbddde4124c8597eb6c8e5,Cliente loqay,CJ65,millares,3.0,8268.0,caja regular,"[5.5, 1.5]",29,kraft,20.0,10.4,18.5,CIP,0,2756.0,13.25,2020-04-22,0.6629999999999999,0.304,0.20155199999999998,2670.564,604.656
193,23531,5fcbde1d4124c8597eb6c8e6,Cliente loqay,CJ60,millares,3.0,16536.0,caja regular,"[5.5, 1.5]",29,kraft,29.0,20.5,16.3,CIP,0,5512.0,13.25,2020-04-22,1.045,0.38299999999999995,0.4002349999999999,5303.113749999999,1200.7049999999997
194,23566,5fcbde674124c8597eb6c8e7,Cliente loqay,CJ65,millares,3.0,8268.0,caja regular,"[5.5, 1.5]",29,kraft,20.0,10.4,18.5,CIP,0,2756.0,13.25,2020-06-04,0.6629999999999999,0.304,0.20155199999999998,2670.564,604.656
195,23626,5fcbdfa14124c8597eb6c8e8,Cliente loqay,CJ186,millares,2.5,7722.5,caja regular,"[5.5, 1.5]",29,kraft,19.0,12.7,18.6,CIP,0,3089.0,13.25,2020-06-17,0.6890000000000001,0.32799999999999996,0.225992,2994.394,564.98
196,23796,5fcbdfe14124c8597eb6c8e9,Cliente loqay,CJ08,millares,2.0,11690.0,caja regular,"[5.5, 1.5]",29,kraft,28.0,21.2,18.5,CIP,0,5845.0,13.25,2020-07-20,1.0390000000000001,0.41200000000000003,0.4280680000000001,5671.901000000002,856.1360000000002
197,23798,5fcbe0284124c8597eb6c8ea,Cliente loqay,CJ186,millares,2.5,7722.5,caja regular,"[5.5, 1.5]",29,kraft,19.0,12.7,18.6,CIP,0,3089.0,13.25,2020-07-20,0.6890000000000001,0.32799999999999996,0.225992,2994.394,564.98
198,23849,5fcbe4544124c8597eb6c8eb,Cliente loqay,CJ225,millares,2.0,6844.0,caja regular,"[5.5, 1.5]",26,kraft,19.0,16.0,16.0,CIP,0,3422.0,11.61,2020-07-28,0.755,0.335,0.252925,2936.45925,505.85
199,22777,5fcbe52b4124c8597eb6c8ec,Cliente loqay,CJ42,millares,7.0,43246.0,caja regular,"[5.5, 1.5]",29,kraft,25.2,23.5,19.0,CIP,0,6178.0,13.25,2019-11-07,1.0290000000000001,0.44,0.45276000000000005,5999.070000000001,3169.32
200,22776,5fcbe5e24124c8597eb6c8ed,Cliente loqay,CJ225,millares,2.0,6844.0,caja regular,"[5.5, 1.5]",26,kraft,19.0,16.0,16.0,CIP,0,3422.0,11.61,2019-11-07,0.755,0.335,0.252925,2936.45925,505.85
201,22775,5fcbe6594124c8597eb6c8ee,Cliente loqay,CJ223,millares,2.0,12126.0,caja regular,"[5.5, 1.5]",29,kraft,27.2,24.8,14.2,CIP,0,6063.0,13.25,2019-11-07,1.095,0.405,0.443475,5876.04375,886.95
202,22774,5fcbe6934124c8597eb6c8ef,Cliente loqay,CJ67,millares,3.0,12573.0,caja regular,"[7, 2.7]",29,kraft,26.3,17.8,13.2,CIP,0,4191.0,13.25,2019-11-07,0.9520000000000001,0.337,0.32082400000000005,4250.918000000001,962.4720000000002
203,22773,5fcbe7084124c8597eb6c8f0,Cliente loqay,CJ05,millares,2.0,24024.0,caja regular,"[5.5, 1.5]",36,kraft,30.5,30.5,27.0,CIG,0,12012.0,14.64,2019-11-07,1.275,0.59,0.7522499999999999,11012.939999999999,1504.4999999999998
204,23038,5fcbe77a4124c8597eb6c8f1,Cliente loqay,CJ05,millares,2.0,24024.0,caja regular,"[5.5, 1.5]",36,kraft,30.5,30.5,27.0,CIG,0,12012.0,14.64,2020-01-06,1.275,0.59,0.7522499999999999,11012.939999999999,1504.4999999999998
205,23039,5fcbe7b24124c8597eb6c8f2,Cliente loqay,CJ07,millares,2.0,28226.0,caja regular,"[5.5, 1.5]",32,kraft,33.8,30.8,30.0,CIG,0,14113.0,14.12,2020-01-06,1.347,0.623,0.839181,11849.235719999999,1678.3619999999999
206,23040,5fcbe7db4124c8597eb6c8f3,Cliente loqay,CJ67,millares,2.0,8382.0,caja regular,"[7, 2.7]",29,kraft,26.3,17.8,13.2,CIP,0,4191.0,13.25,2020-01-06,0.9520000000000001,0.337,0.32082400000000005,4250.918000000001,641.6480000000001
207,23041,5fcbe8304124c8597eb6c8f4,Cliente loqay,CJ249,millares,2.0,20176.0,caja regular,"[5.5, 1.5]",36,kraft,32.8,25.0,25.3,CIG,0,10088.0,14.64,2020-01-06,1.2109999999999999,0.518,0.6272979999999999,9183.64272,1254.5959999999998
208,23042,5fcbe8514124c8597eb6c8f5,Cliente loqay,CJ85,millares,4.0,14976.0,caja regular,"[5.5, 1.5]",29,kraft,19.6,15.0,20.0,CIP,0,3744.0,13.25,2020-01-06,0.747,0.365,0.272655,3612.6787499999996,1090.62
209,23043,5fcbe8ec4124c8597eb6c8f6,Cliente loqay,CJ201,millares,2.0,20720.0,caja regular,"[5.5, 1.5]",29,kraft,21.0,19.0,23.7,CIP,0,10360.0,13.25,2020-01-06,0.855,0.442,0.37790999999999997,5007.3075,755.8199999999999
210,23044,5fcbe92b4124c8597eb6c8f7,Cliente loqay,CJ227,millares,2.0,10108.0,caja regular,"[5.5, 1.5]",29,kraft,34.0,18.2,14.7,CIG,0,5054.0,13.25,2020-01-06,1.099,0.344,0.37805599999999995,5009.241999999999,756.1119999999999
211,23045,5fcbe97d4124c8597eb6c8f8,Cliente loqay,CJ248,millares,2.0,14332.0,caja regular,"[7, 2.7]",32,kraft,26.0,19.5,20.0,CIG,0,7166.0,14.12,2020-01-06,0.98,0.42200000000000004,0.41356000000000004,5839.467200000001,827.1200000000001
212,23046,5fcbe9ae4124c8597eb6c8f9,Cliente loqay,CJ22,millares,2.0,25460.0,caja regular,"[7, 2.7]",32,kraft,26.0,19.5,20.0,CIG,0,12730.0,14.12,2020-01-06,0.98,0.42200000000000004,0.41356000000000004,5839.467200000001,827.1200000000001
213,23047,5fcbea224124c8597eb6c8fa,Cliente loqay,CJ35,millares,2.0,25376.0,caja regular,"[5.5, 1.5]",32,kraft,48.7,30.7,15.9,CIG,0,12688.0,14.12,2020-01-06,1.643,0.48100000000000004,0.7902830000000001,11158.795960000001,1580.566
214,23049,5fcbea8d4124c8597eb6c8fb,Cliente loqay,CJ98,millares,2.0,9692.0,caja regular,"[5.5, 1.5]",29,kraft,32.3,18.5,13.3,CIP,0,4846.0,13.25,2020-01-06,1.071,0.33299999999999996,0.35664299999999993,4725.5197499999995,713.2859999999998
215,23050,5fcbead74124c8597eb6c8fc,Cliente loqay,CJ60,millares,2.5,13780.0,caja regular,"[5.5, 1.5]",29,kraft,29.0,20.5,16.3,CIP,0,5512.0,13.25,2020-01-06,1.045,0.38299999999999995,0.4002349999999999,5303.113749999999,1000.5874999999997
216,23051,5fcbeb4b4124c8597eb6c8fd,Cliente loqay,CJ42,millares,7.0,43246.0,caja regular,"[5.5, 1.5]",29,kraft,25.2,23.5,19.0,CIP,0,6178.0,13.25,2020-01-06,1.0290000000000001,0.44,0.45276000000000005,5999.070000000001,3169.32
217,23203,5fcbecf24124c8597eb6c8fe,Cliente loqay,CJ186,millares,2.0,6178.0,caja regular,"[5.5, 1.5]",29,kraft,19.0,12.7,18.6,CIP,0,3089.0,13.25,2020-01-28,0.6890000000000001,0.32799999999999996,0.225992,2994.394,451.984
218,23204,5fcbed554124c8597eb6c8ff,Cliente loqay,CJ245,millares,2.0,7072.0,caja regular,"[5.5, 1.5]",29,kraft,19.6,15.0,17.5,CIP,0,3536.0,13.25,2020-01-28,0.747,0.34,0.25398000000000004,3365.2350000000006,507.9600000000001
219,23206,5fcbed9a4124c8597eb6c900,Cliente loqay,CJ61,millares,2.0,11024.0,caja regular,"[5.5, 1.5]",29,kraft,29.0,20.5,16.3,CIP,0,5512.0,13.25,2020-01-28,1.045,0.38299999999999995,0.4002349999999999,5303.113749999999,800.4699999999998
220,23207,5fcbeea04124c8597eb6c902,Cliente loqay,CJ62,millares,2.0,11024.0,caja regular,"[5.5, 1.5]",29,kraft,29.0,20.5,16.3,CIP,0,5512.0,13.25,2020-01-28,1.045,0.38299999999999995,0.4002349999999999,5303.113749999999,800.4699999999998
221,23208,5fcbef234124c8597eb6c903,Cliente loqay,CJ239,millares,2.0,11024.0,caja regular,"[5.5, 1.5]",29,kraft,29.0,20.5,16.3,CIP,0,5512.0,13.25,2020-01-28,1.045,0.38299999999999995,0.4002349999999999,5303.113749999999,800.4699999999998
222,23209,5fcbef5e4124c8597eb6c904,Cliente loqay,CJ42,millares,7.0,43246.0,caja regular,"[5.5, 1.5]",29,kraft,25.2,23.5,19.0,CIP,0,6178.0,13.25,2020-01-28,1.0290000000000001,0.44,0.45276000000000005,5999.070000000001,3169.32
223,23210,5fcbef774124c8597eb6c905,Cliente loqay,CJ42,millares,7.0,43246.0,caja regular,"[5.5, 1.5]",29,kraft,25.2,23.5,19.0,CIP,0,6178.0,13.25,2020-01-28,1.0290000000000001,0.44,0.45276000000000005,5999.070000000001,3169.32
224,23211,5fcbefe84124c8597eb6c906,Cliente loqay,CJ58,millares,2.0,6386.0,caja regular,"[5.5, 1.5]",29,kraft,19.0,12.7,18.6,CIP,0,3193.0,13.25,2020-01-28,0.6890000000000001,0.32799999999999996,0.225992,2994.394,451.984
225,23192,5fcbf0b64124c8597eb6c907,Cliente loqay,CJ03,millares,2.0,12792.0,caja regular,"[5.5, 1.5]",36,kraft,27.7,20.7,21.2,CIG,0,6396.0,14.64,2020-01-28,1.023,0.434,0.44398199999999993,6499.896479999999,887.9639999999998
226,23193,5fcbf0f24124c8597eb6c908,Cliente loqay,CJ04,millares,2.0,20176.0,caja regular,"[5.5, 1.5]",36,kraft,32.3,24.5,27.5,CIP,0,10088.0,14.64,2020-01-28,1.1909999999999998,0.535,0.637185,9328.3884,1274.37
227,23194,5fcbf1504124c8597eb6c909,Cliente loqay,CJ05,millares,2.0,24024.0,caja regular,"[5.5, 1.5]",36,kraft,30.5,30.5,27.0,CIG,0,12012.0,14.64,2020-01-28,1.275,0.59,0.7522499999999999,11012.939999999999,1504.4999999999998
228,23195,5fcbf16e4124c8597eb6c90a,Cliente loqay,CJ09,millares,4.0,53372.0,caja regular,"[5.5, 1.5]",36,kraft,48.3,33.5,14.5,CIG,0,13343.0,14.64,2020-01-28,1.6909999999999998,0.495,0.8370449999999999,12254.3388,3348.18
229,23196,5fcbf1c14124c8597eb6c90b,Cliente loqay,CJ65,millares,2.5,6890.0,caja regular,"[5.5, 1.5]",29,kraft,20.0,10.4,18.5,CIP,0,2756.0,13.25,2020-01-28,0.6629999999999999,0.304,0.20155199999999998,2670.564,503.88
230,23197,5fcbf2174124c8597eb6c90c,Cliente loqay,CJ90,millares,2.0,5512.0,caja regular,"[5.5, 1.5]",29,kraft,20.0,10.4,18.5,CIP,0,2756.0,13.25,2020-01-28,0.6629999999999999,0.304,0.20155199999999998,2670.564,403.104
231,23198,5fcbf24f4124c8597eb6c90d,Cliente loqay,CJ67,millares,5.0,20955.0,caja regular,"[7, 2.7]",29,kraft,26.3,17.8,13.2,CIP,0,4191.0,13.25,2020-01-28,0.9520000000000001,0.337,0.32082400000000005,4250.918000000001,1604.1200000000001
232,23200,5fcbf28a4124c8597eb6c90e,Cliente loqay,CJ249,millares,2.0,20176.0,caja regular,"[5.5, 1.5]",36,kraft,32.8,25.0,25.3,CIG,0,10088.0,14.64,2020-01-28,1.2109999999999999,0.518,0.6272979999999999,9183.64272,1254.5959999999998
233,23201,5fcbf2e24124c8597eb6c90f,Cliente loqay,CJ85,millares,5.0,18720.0,caja regular,"[5.5, 1.5]",29,kraft,19.6,15.0,20.0,CIP,0,3744.0,13.25,2020-01-28,0.747,0.365,0.272655,3612.6787499999996,1363.2749999999999
234,23202,5fcbf3144124c8597eb6c910,Cliente loqay,CJ246,millares,2.0,21200.0,caja regular,"[5.5, 1.5]",32,kraft,32.3,24.5,30.3,CIG,0,10600.0,14.12,2020-01-28,1.1909999999999998,0.563,0.6705329999999998,9467.925959999997,1341.0659999999996
